Category,Tag 1,Tag 2,Tag 3,Tag 4,Tag 5
Creativity and Content Creation,Art and design assistance,Content creation and brainstorming,Creative writing and storytelling,Creativity and idea generation,Writing assistance and editing
Entertainment and Leisure,Entertainment and leisure,,,,
Health and Wellness,Emotional support and companionship,Health and wellness advice,,,
Information and Research,General inquiries and curiosity,Information search and research,,,
Learning and Education,Academic support and tutoring,Language and grammar correction,Language learning and translation,Learning and education,Personalized learning experiences
Personal and Professional Development,Financial and business planning,Idea validation and feedback,Personal and professional development,,
Productivity and Efficiency,Daily life management,Productivity enhancement,Task automation and efficiency,Time management and scheduling,
Social and Cultural Understanding,Cultural and local context understanding,Social media and marketing,,,
Technical and Problem Solving Support,Data analysis and interpretation,Problem-solving and decision-making,Programming and coding support,Technical support and troubleshooting,
Uncategorized,Other,,,,
,Uninformative answer,,,,
