Category,Tag 1,Tag 2,Tag 3,Tag 4
Communication styles and language,Cultural context in communication,Indirect communication styles,Language nuances and idioms,
Cultural diversity and adaptation,Cultural adaptation and learning,Cultural differences in problem-solving,Cultural diversity and inclusivity,
Cultural misconceptions and stereotypes,Cultural misconceptions and stereotypes,Cultural stereotypes and biases,Cultural taboos and sensitivities,Historical and cultural context
Cultural norms and etiquette,Cultural norms and etiquette,Local customs and traditions,Misunderstanding of social norms,
Cultural values and beliefs,Collectivism vs. individualism,Cultural identity and heritage,Cultural sensitivity and awareness,Cultural values and beliefs
Family and community dynamics,Community-based decision-making,Family structures and dynamics,Marriage customs and family planning,
Humor and non-verbal communication,Misinterpretation of humor and sarcasm,Non-verbal communication cues,,
Religious and spiritual beliefs,Religious beliefs and practices,Spiritual beliefs and practices,Traditional practices and rituals,
Social structures and hierarchies,Gender roles and expectations,Respect for elders and hierarchy,Social hierarchies and status,
Uncategorized,Other,,,
,Uninformative answer,,,
